category_url,page,position,id,type,name,brand,averageRating,manufacturerName,shortDescription,thumbnailUrl,price,currencyUnit
https://www.walmart.com/cp/camera-lenses-filters/1231342,1,32,6HEGD6U86B1H,Camera Lenses,Sony FE 24-70mm f/2.8 GM II Lens SEL2470GM2,Tri-State Camera,,,"<div class=""&quot;&quot;""><div><div class=""&quot;js-injected-html"">A refined take on the fast standard zoom, the Sony FE 24-70mm f/2.8 GM II is not only smaller and lighter than the previous generation, it also features a variety of optical, focusing, and handling upgrades, catering to both photo and video applications, that make this the most well-rounded G Master zoom to date.</div></div></div> <br><br><li>Please Note: This is an international model. See warranty terms for further details.</li>",https://i5.walmartimages.com/seo/Sony-FE-24-70mm-f-2-8-GM-II-Lens-SEL2470GM2_39ac3a2b-4393-47ed-872b-b18dc650158c.b6b0fd7044abd722ffbe0e6d91371a73.jpeg,1985,USD
https://www.walmart.com/cp/floor-lamps/2803868,1,17,6WN0X0TQU4C6,Floor Lamps,"Mainstays 58"" Rice Paper Shade Floor Lamp, Black Finish Large",Mainstays,4.5,,"<p>Add soft illumination to your room decor with the Mainstays 58"" Rice Paper Shade Floor Lamp. The black metal stick base contrasts with the cylindrical white textured paper shade for a modern look. The rice paper shade lamp features a decorative pull chain on/off switch and uses one 100-watt incandescent equivalent bulb. It has a black finish that easily matches most decor themes. This Mainstays floor lamp is simple to set up, so you can enjoy fresh lighting in your home right away. It also makes a thoughtful gift for a new homeowner with its functional and stylish design. The compact size makes it simple to place in a variety of spaces.</p>",https://i5.walmartimages.com/seo/Mainstays-58-Rice-Paper-Shade-Floor-Lamp-Black-Finish-Large_5b4a2a98-06bc-477c-9d5c-b8db792b89f2.d378ac70fdc8af5949d24ef6dc7a0915.jpeg,14.88,USD
https://www.walmart.com/cp/gifts-for-gal-pals/5448597,1,16,7KOEX7BZ4A91,Health & Beauty Misc.,"Designer Imposters Primo Cologne Spray, 1.8 fl. oz",Designer Imposters,4.9,,"Enjoy an enticing fragrance with Designer Imposters Primo Cologne Spray. It opens with fruity notes of orange blossom, peach and apricot. The heart of this Primo fragrance body spray consist of various floral scents. The base is warm and woody with sandalwood, patchouli and vanilla. Available in a 1.8 oz bottle, this perfume has a sleek appearance. It features a spray nozzle that allows for easy application. Try wearing this fragrance with casual wear for the day or put it on for a night out. It can make for a thoughtful gift.",https://i5.walmartimages.com/seo/Designer-Imposters-Primo-Cologne-Spray-1-8-fl-oz_02a16355-1dab-4e39-8fa9-10794e8f2cc1_1.9fe1f2a8b33960806bab484c22291196.jpeg,10.98,USD
https://www.walmart.com/cp/fabrics-of-summer/5803803,1,18,1PRVC5Q1QNFW,Blouses & Tops,"Sofia Jeans Women's and Women's Plus Linen Blend Tie Front Top with Cargo Pockets, Sizes XS-5X",Sofia Jeans by Sofia Vergara,,,"It’s time to follow suit, a new utilitarian season has begun and this Linen-Blend Top from Sofia Jeans is leading the way. Features a cute tie front and double cargo pockets at the chest to hold a few more of your favorite things. The linen-blend fabric is easy-breezy on summery days and nights. Pair this tie-front top with our Lila Destructed Shorts (sold separately). Only at Walmart.",https://i5.walmartimages.com/seo/Sofia-Jeans-Women-s-and-Women-s-Plus-Linen-Blend-Tie-Front-Top-with-Cargo-Pockets-Sizes-XS-5X_cb4f5733-4f51-4c3a-b5a2-97de9aeb4ba7.9065b3d9a728080dd6d0eb7920018b0f.jpeg,22,USD
https://www.walmart.com/cp/fabrics-of-summer/5803803,1,19,4UU0UJMG1FH2,Dresses,"Free Assembly Women’s Midi Shirtdress with Puff Sleeves, Sizes XS-XXL",Free Assembly,4.1,,"What started as a simple staple has emerged as a style legend—keeping it classic with Free Assembly’s Shirtdress. Designed with menswear-inspired details and updated with trendy short puff sleeves, a waist-cinching sash belt and breezy skirt bottom. Day or night, work or play, this fashionable workhorse is always the perfect choice. Only at Walmart.",https://i5.walmartimages.com/seo/Free-Assembly-Women-s-Midi-Shirtdress-with-Puff-Sleeves-Sizes-XS-XXL_7aa43325-f0d0-42ff-b9bd-289ff2de109b.6e61830cd520f333f57313aa30977ef2.jpeg,34,USD
https://www.walmart.com/cp/drivetrain-accessories/9907765,1,27,1OU3GMK9QJ3L,Automotive Specialty Parts,Moser Engineering 7105 Differential Cover,Moser Engineering,4.8,,Differential Cover - Performance - Gasket / Hardware Included - Aluminum - Natural - 7.5 in - GM 10-Bolt - Each,https://i5.walmartimages.com/seo/Moser-Engineering-7105-Differential-Cover_8ad7018e-a138-4e3d-a549-91ba40db97ea.1954878dadd9199b5fc67aa4dbf383ec.jpeg,216,USD
https://www.walmart.com/cp/drivetrain-accessories/9907765,1,26,3Q4EQRTC042A,Automotive Specialty Parts,"B&M 70503 Cast Aluminum Differential Cover for GM 8.2"" 10 Bolt B.O.P.",B&M,5,,"Compatible with GM 8.2 in. 10-bolt (Buick Olds, Pontiac) Differential cover;<br><br>Our engineers designed the line of Hi-Tek differential covers to not only look good but address a number of weaknesses of the factory stamped steel covers. First, they started by constructing the covers of thick A356.0-T6 aluminum, which dissipates heat much faster than the factory steel unit keeping the fluid temperature lower under high-stress loads vs. a steel cover. Then for added durability, we added a reinforced center bar for extra strength along with load bolts to help prevent bearing cap deflection under severe loads. The internal shape of the cover retains the smooth round back internally to help keep the fluid flow going over the ring gear to properly lubricate the gears and bearings. Additional features include a magnetic drain plug for catching ferrous metal particles, machined B&amp;M logo and all necessary hardware and easy to follow detailed instructions for a quick and simple installation you can do at home. Note: Gasket not Included;",https://i5.walmartimages.com/seo/B-M-70503-Cast-Aluminum-Differential-Cover-for-GM-8-2-10-Bolt-B-O-P_3fbc10f4-e3d9-491a-bb5a-61fd82826a67.51c2149a68eac4fc914da66c98c52417.jpeg,210.56,USD
https://www.walmart.com/cp/exceed/6720481,1,41,3IWY5GQXLPW6,Wristwatches,[Citizen] Watches Exceed eco Drive EX2002-03A Brown// Ladies,Exceed,,,"Target: Ladies;Set contents: Main unit, box, instruction manual, book included;Reinforced waterproof for daily life: 5BAR;Country of origin: Japan

Please note that some of the models are made exclusively for Japanese market, hence the specifications and interface language is all in Japanese and cannot be changed to a different language.
Also the voltage is adopted for Japanese standard ~ 100V


## About us
want.ip Inc (a group company of Yahoo Japan), the leading cross-border e-retailer of all kinds of Japan products. 
We source all the products from official distributors or manufactures]


## Overseas Shipping Information
As this is an overseas delivery product, it may take up to 2~5 business days to ship out.
However, there may be a slight delay depending on the local delivery status and customs procedures.


## import tax
Prices shown include customs duty.
There is no need for customers to separately pay customs duties to the delivery company.


## Item Stock
The stock quantity of the purchased product may change from time to time and may be out of stock after ordering.
If there is no stock, it may be canceled after notification.


## Warranty
Since this product is manufactured for Japanese market, warranty is not supported in your country.
## Voltage
For electronic equipment, it is recommended to use a transformer just in case. This is because electronic equipment for Japan is designed to be used at 100V. (Some products are globally compatible.)


## want.jp Return Policies
All returns must include the following or it will be rejected and returned back to you at your cost:
- Product purchased from want.jp
- Original Condition, no physical damage
- All accessories, manuals, warranty registration card, etc.
- All return requests can be submitted with valid return reason selected within 30 days after the item ordered.",https://i5.walmartimages.com/seo/Citizen-Watches-Exceed-eco-Drive-EX2002-03A-Brown-Ladies_4372ea6c-8e61-4b40-97e3-d4093513adf5.f70a8f47c5461e82c787b62507daff9b.jpeg,457.03,USD
https://www.walmart.com/cp/fromm/4521461,1,24,5XK2G8QXCP6W,Dog Food,Fromm 40510433 12 lbs Heartland Gold Grain Free Large Breed Puppy Dog Food,Fromm,,,"<p>Well-suited for puppies of breeds with adult weights of over 50 pounds, this grain-free recipe is naturally formulated with beef, pork, and lamboffering the gold standard for puppies who crave red meat. The addition of probiotics aid with digestion, and salmon oil promotes a healthy coat. </p><b>Features</b><ul><li>12 lbs Heartland Gold Grain Free Large Breed Puppy Dog Food</li><li>Quality selection for everyday pet needs</li><li>Assured hygiene and care for pets</li></ul><b>Specifications</b><ul><li><b>Capacity:</b> 12 lbs</li></ul>- SKU: PTFDE13466",https://i5.walmartimages.com/seo/Fromm-40510433-12-lbs-Heartland-Gold-Grain-Free-Large-Breed-Puppy-Dog-Food_4ccee03c-ea0c-4b8a-b790-e37838aa1599.47bfb599f6a55f2d01863e282873d9f1.jpeg,59.99,USD
https://www.walmart.com/cp/character-party-supplies/8253261,1,1,33RRBUBHJ2ZP,Pinatas,"Dump Truck Pinata - Kids Construction Birthday Party Supplies, Construction Party Decorations (Small, 15.5x9x6 In)",Blue Panda,5,,"<h4>Item Description</h4><p>Bring the excitement of a construction site to your child's birthday celebration with this small pinata, a great way to check ""construction pinata"" off your construction birthday party supplies list. This construction-themed party essential is designed to ignite the imaginations of little builders and add a touch of adventure to any construction themed birthday party. Our dump truck pinata features a vibrant yellow body that captures the essence of a real top-loading dump truck. The striking orange bin on top adds a delightful pop of color, creating a visually appealing centerpiece for your celebration. This pinata's design is further enhanced by the inclusion of realistic details such as white windows, black tires, and yellow wheels, bringing the construction theme to life. This pinata offers a serious amount of fun for kids; simply fill it with an assortment of candies, toys, or small surprises, and watch as the children eagerly await their turn to reveal what's inside. This pinata measures 15.5x9x6 and is designed with an easy-to-use hanging loop, allowing you to effortlessly suspend it from a sturdy support. When the time comes, simply let the little builders take turns at striking the pinata with a safe, soft bat until it bursts open, revealing the hidden debris for all to clean up on the job site.</p>",https://i5.walmartimages.com/seo/Dump-Truck-Pinata-Kids-Construction-Birthday-Party-Supplies-Construction-Party-Decorations-Small-15-5x9x6-In_157e703c-321f-49fe-bad2-96a36798d585.5f80fe648d53682e99cd5a49cfb4ed5a.jpeg,19.29,USD
https://www.walmart.com/cp/wooden-blocks/5750443,1,41,4590R551USDT,Construction Set Toys,"Nuts & Bolts, 38 Pieces",The Original Toy Company,0,,"Nuts & Bolts comes with 38 bolts, packed in a carry along bucket. This item is constructed of hardwood (beechwood) and will provide skills for matching of gears, construction building and hours of multiple tasking. For ages 3 and up.",https://i5.walmartimages.com/seo/Nuts-Bolts-38-Pieces_e8b2c020-2250-413d-b912-1b9b97187625.640fd104aa9a24d907d33fe73838de68.jpeg,29.74,USD
https://www.walmart.com/cp/wooden-blocks/5750443,1,39,4M0HJHYP5NHL,Toy Blocks,Montessori Thermic Bottles Sensor For Baby Kids Early Preschool Education,Tishita,,,"<p><b>Description:</b></p><p> Sensorial Material - Thermic Bottles in Wooden Box.</p><p>The thermic bottle is used temperature.</p><p>Excellent homeschool and classroom teaching material.</p><p>Great sensory toys for children <br></p><p>Material: Metal, wood<br></p><p><b>Specification:</b></p><p>Carry the material to table. Set the lid to the right or the box.<br>Remove of the bottles by lifting it by its wire handle.<br>Hold the bottle in hand to get a sense of the temperature.<br>Select another thermic bottle from the box and hold it in the other hand to compare the two. If the second does not match, set it on the lid to the side of the box.<br>When a match is found, set the two in the upper left corner of . Return the bottles on the lid to the box.<br>Repeat this process until all of the bottles have been .<br>Return the bottles to the box in mixed order so the work will be ready for the student.<br></p><p><b>Size Chart:</b></p><p>Box size: Approx. 19.5x10.5x9.5cm/7.68x4.13x3.74inch</p><p>Bottle size: Approx. 4x11cm/1.57x4.33inch<br></p><p><b>Package Includes:</b></p><p>1 Set Thermic Bottles<br></p><p><b>Note:</b></p><p>Due to the difference between different monitors, the picture may not reflect the actual color of the item.<br>Due to manual measurement, there may -2mm error in size.<br></p>",https://i5.walmartimages.com/asr/fc3467c0-6e4f-4769-bbec-72b3dbae3ea9.57f09abb359366c84dd208be01de0dc6.jpeg,31.99,USD
https://www.walmart.com/cp/wooden-blocks/5750443,1,38,5L41J7C0O2ZP,Stacking Games,Pressman Blockhead!™,Pressman Toys,4.8,,"It's the original wooden stacking game, Blockhead!, featuring 20 brightly colored wooden blocks. Players attempt a balancing act as they add to the stack of oddly shaped blocks, stacking them higher and higher. If your block knocks the pile over, you're the BLOCKHEAD! For 1 or more players, ages 6 and up.",https://i5.walmartimages.com/seo/Pressman-Blockhead_0d73cb51-9948-43df-949c-c344b4225a57.63e1737d5b33c7c640c688e75993ca38.jpeg,15.99,USD
https://www.walmart.com/cp/wooden-blocks/5750443,1,35,0Y4U53T6QAZB,Construction Set Toys,"Schylling Makit Wood Building Set, 70pcs.",Schylling,3.8,,"Now you can have a kit that lets you build fun items with this Schylling 70-Piece Makit Wood Building Set. You can construct a windmill with moving parts or a giraffe on safari. The kids building set is full of multi-colored pieces including connector rods and circles. This engaging kit lets your little one be the inventor. All included parts in this wood construction toy vary in size. Use parts large and small to build your items. Take connector rods and circles, including pieces with multiple colors, to build your projects. Expand your child's creativity and imagination and let him or her loose to build fun stuff.",https://i5.walmartimages.com/seo/Schylling-Makit-Wood-Building-Set-70pcs_c7c897c5-980c-452e-9628-24cabe36cd7e.4ff34e9a9b6888ca5ad550db7c3ebd3d.jpeg,24.88,USD
https://www.walmart.com/cp/battery-powered-ride-ons/9069979,1,43,69MZGVHKHURM,Electric Scooters,"Razor Rambler 16 – 36V Seated Electric Scooter, up to 15 mph, Retro Style Minibike for Teen & Adult",Razor,4.6,,"Grab the riser-style handlebars on one of the hottest trends in electric micro-mobility: retro-cool minibikes. Razor’s Rambler 16 is a stylish, modernized seated electric scooter with super wide tires, and a top speed up to 15.5mph (25 km/h). The powerful, quiet, 350-watt hub motor is powered by a 36-volt battery system which lets you glide in style for up to 11.5 miles (18.5 km). Its quality steel construction and air-filled tires make cruising over rough terrain a smooth and effortless experience.",https://i5.walmartimages.com/seo/Razor-Rambler-16-36V-Seated-Electric-Scooter-up-to-15-mph-Retro-Style-Minibike-for-Teen-Adult_a7cdee29-3d7a-45bb-8639-b5a995ac14a3.95b90ae7896185c6b83a4fea1865782f.png,659.99,USD
https://www.walmart.com/cp/toddler-girls-dresses/6217556,5,51,50JT1P4SS5IG,Button-Up Shirts,Star Wars Darth Vader Boba Fett Stormtrooper Mens Matching Family Hawaiian Button Down Shirt Men's Button Down Small,Star Wars,,,"Journey to a galaxy far, far away in these stylish matching family Star Wars outfits! Whether Jedi Masters or Sith Lords, your family is ready for adventure in these soft and comfy matching outfits featuring awesome Star Wars artwork of Chewbacca, R2-D2, C-3PO, Han Solo, Bobo Fett, Darth Vader, Stormtroopers, and more of the iconic sci-fi characters you love! The whole family can join the Star Wars fun with baby, kids, and adult sizes, and a choice of classic Hawaiian button-down shirts, an adorable baby romper, a cute shorts set, and fashionable sleeveless mommy and me dresses that are perfect for vacation, family pictures, and a cool everyday look!",https://i5.walmartimages.com/seo/Star-Wars-Darth-Vader-Boba-Fett-Stormtrooper-Mens-Matching-Family-Hawaiian-Button-Down-Shirt-Adult_4b51817f-459c-4dab-9483-4c18187521d4.b6b37fa4098ffc9e79a946b85d6820f8.jpeg,32.99,USD
https://www.walmart.com/cp/bike-apparel-footwear/7258752,2,47,4Y8NOX9G57W6,Bicycle Helmets,"Cycling Safety Helmet MTB Mountain Bike/Bicy Child, Youth, and Adult Lightweight Bike Helmet, Multiple Colors",Unbrand,,,"<p>Cycling Safety Helmet MTB Mountain Bike/Bicy Child, Youth, and Adult Lightweight Bike Helmet, Multiple Colors</p>
<p>Ultimate Protection:<br>The high-density adult bike helmets&nbsp;Lightweight Bike Helmet is manufactured by processing it through 3 crucial steps. The integrated molding superior technology makes it tough from the outside, and smooth and comfy from the inside. The specialized bike helmet has a strong shell and reinforced internal skeleton. They can provide you complete protection. Move around comfortably without worrying when you are driving.</p>
<p>Functional Comfort:<br>The aerodynamic design of the cycling helmet has 19 vents. It allows proper airflow during the ride and keeping you cool and comfy. The soft inner foam layer makes it relaxing, so that you can ride all day long with this helmet. The adjustable design of the road bike helmet makes a perfect fit for men and women of all sizes.</p>
<p>Multiple Uses:<br>This road bike helmet for casual cycling or biking or special outdoor fun like racing, mountain biking, skating, snow boarding, etc. The road bike helmet has movable sun visor so that keeps your vision clean during harsh weather conditions without affecting your visual sight.</p>
<p>Ride in style while protecting your head with our bike helmet!</p>
<p>Specification:<br>Head circumference is about 22 to 26 inch</p>",https://i5.walmartimages.com/seo/Cycling-Safety-Helmet-MTB-Mountain-Bike-Bicy-Child-Youth-and-Adult-Lightweight-Bike-Helmet-Multiple-Colors_73e99006-cab2-495c-9c7f-2ffa91f15934.a7cec2a0fa8b4659817b6aa057917a79.jpeg,12.99,USD
https://www.walmart.com/cp/bike-apparel-footwear/7258752,2,50,3K4MR0H7Y3ER,Bicycle Helmets,"Bell Axle Bike Helmet, Repose Pink/purple, Youth 8+ (52-58cm)",Bell,4.7,,"<p>A journey to school or just a neighborhood adventure, the Bell Axle is the ideal helmet to match your kiddo's ride. With its compact profile and 20 large vents, your youngster will stay cool as they cruise, while the easy one-handed adjustable dial fit system gives them unbeatable comfort. For the on the go kiddo, grab the Bell Axle. Complies with the U.S. CPSC Safety Standard for Bicycle Helmets for Persons Age 5 and Older.</p>",https://i5.walmartimages.com/seo/Bell-Axle-Bike-Helmet-Repose-Pink-purple-Youth-8-52-58cm_7618a4a9-a052-4565-a67e-2e89e614b885.973c6ffa915313780c7b98e4045529f8.jpeg,24.88,USD
https://www.walmart.com/cp/toddler-girls-dresses/6217556,5,48,1BB6RV4NB71W,Nightgowns & Sleepshirts,Little Girls Princess Pajamas Nightgown Toddler Printed Nightdress Sleepwear,EKEZ,4.4,,"100% Polyester
Your princess will be dreaming of royal palaces and courageous adventures in this enchanting nightie!A perfect nightdress for your little princess!",https://i5.walmartimages.com/seo/Little-Girls-Princess-Pajamas-Nightgown-Toddler-Printed-Nightdress-Sleepwear_095b37c8-a3a1-4d0d-a780-7c4ebd80dc91.8a93f109a56d7f68a9e3b060d745798b.jpeg,14.97,USD
https://www.walmart.com/cp/bike-apparel-footwear/7258752,4,46,29N1RQBLVKLX,Bicycle Helmets,"Raskullz Hawk Mohawk Black Bike Helmet, Child 5+ (50-54cm)",Raskullz,4.7,,"Finally a helmet that kids WANT to wear! This 3D Raskullz Hawk Mohawk helmet inspires imagination and encourages kids to be active outdoors. The bicycle helmet features an eye-catching 2-inch tall bendable red mohawk with black tips, and a totally rad stencil-style Raskullz graphic! The vented aerodynamic styling allows for great airflow and keeps your melon cool when riding. The child size helmet is recommended for riders 5–8 years old, but will fit anyone with a head measuring 50–54 cm. Always take a head measurement. Head sizes and shapes can vary, even within an age range. Using a helmet that doesn't fit can be dangerous. Complies with the US CPSC Safety Standard for Bicycle Helmet for Persons Age 5 and Older.",https://i5.walmartimages.com/seo/Raskullz-Hawk-Mohawk-Black-Bike-Helmet-Child-5-50-54cm_6365b4aa-c369-4175-b421-b2d312eb8173.d828b47a67d8f10aee924b9451f4485a.jpeg,19.96,USD
https://www.walmart.com/cp/bike-apparel-footwear/7258752,4,50,6HZ384KXMM4I,Hydration Packs,"3L Water Bladder Bag Tactical Military Hiking Camping Hydration Backpack Outdoor, Brown",ZOUYUE,4.3,,"Our 3L hydration pack offers you an optimal solution to the drinking water problem. You carry it on your back and the tube runs as close to your mouth as you can get it without becoming inconvenient. No matter what you’re doing (hiking, biking, climbing, etc.) there is no slowing down or stopping necessary. As long as the drinking tube stays in place then it’s a grab, drink, and go.",https://i5.walmartimages.com/seo/3L-Water-Bladder-Bag-Tactical-Military-Hiking-Camping-Hydration-Backpack-Outdoor-Brown_df7b6568-1691-4ac7-ba62-b1deb730c840_1.d8616a9f05938148a33563c16b21106a.jpeg,12.59,USD
https://www.walmart.com/cp/bike-apparel-footwear/7258752,2,40,6WE6OUCOM8W2,Bicycle Helmets,"Bell Disney's Frozen Princess 2 Waterhorse Bike Helmet, Toddler 3+, (48-52 cm)",Bell,4.7,,"<p>Your child will feel like they can channel the mythical powers of the Water horse in this Frozen II toddler bike helmet. Watercolor graphics featuring Anna and Elsa will make your child want to wear this helmet. The EPS foam liner is designed to help absorb impact energy, while 6 vents help keep little heads cool. The True Fit system allows for a great fit every time, and the Pinch-Guard will ensure pinch-free buckling for your princess as they set out on a new adventure! Complies with the U.S. CPSC Safety Standard for Bicycle Helmets for Persons Age 1 and Older (Extended Head Coverage).</p>",https://i5.walmartimages.com/seo/Bell-Disney-s-Frozen-Princess-2-Waterhorse-Bike-Helmet-Toddler-3-48-52-cm_3e2d7607-e01d-4c5d-aad4-3bab366cd4ed_1.6987843bb91acb769551e11ee821da01.jpeg,19.96,USD
